run_id,entity_type,entity_name,query,total_latency,success,start_time,end_time,rewrite_time,retrieve_time,rerank_time,generate_time,generator_tokens,generator_prompt_tokens,generator_completion_tokens,rewriter_tokens,ttft,tps
019d0ced-f510-7913-a2a1-776785814e50,landmark,Sphinx,"Sphinx, what does the Inventory Stele reveal about your existence in relation to Khufu and Khafre?",4.496122,True,2026-03-20 20:26:54.608418,2026-03-20 20:26:59.104540,1.451714,0.768391,0.307081,1.956468,1844,1066,778,1057,2.6771860000000003,397.6553667118501
019d0ced-d204-7aa1-a612-5ab759cf1a7b,landmark,Pyramid of Saqqara - Pyramid of Djoser,"Through which entrances can you be accessed, and which route is considered more convenient?",6.164834,True,2026-03-20 20:26:45.636257,2026-03-20 20:26:51.801091,1.438878,0.636582,2.962643,1.111812,1350,985,365,1139,5.188103,328.29291283058643
019d0ced-a781-7b02-8d02-14eef236efe8,pharaoh,Anubis (God),"Anubis, why were you such a popular and enduring god?",8.257901,True,2026-03-20 20:26:34.753096,2026-03-20 20:26:43.010997,1.291843,0.617879,4.788581,1.539754,1451,837,614,1119,6.848303,398.76499752557874
019d0ced-906b-7501-9bda-52ee93e4d702,landmark,Temple of Derr,You have depictions of which deities on the sides of your pillars?,3.306173,True,2026-03-20 20:26:28.841207,2026-03-20 20:26:32.147380,1.154723,0.737336,0.285714,1.109404,1453,1085,368,913,2.327773,331.70963868888157
019d0ced-78b5-7912-b205-e9c1f434312c,pharaoh,Taweret (Goddess),"Taweret, how do you protect expectant mothers and the deceased on their journey?",3.279216,True,2026-03-20 20:26:22.773091,2026-03-20 20:26:26.052307,1.05041,0.707925,0.372398,1.132534,1366,1033,333,1002,2.280733,294.0309076813588
019d0ced-6110-7022-a08e-8d47921016c6,pharaoh,Senwosret IV,You are known from a colossal pink granite statue; where was this statue discovered and where is it now housed?,3.418257,True,2026-03-20 20:26:16.719145,2026-03-20 20:26:20.137402,1.00216,0.982915,0.306374,1.119638,1294,937,357,1023,2.441449,318.85305786334516
019d0ced-3cfc-7232-b071-9e71c57c9003,pharaoh,Hathor (Goddess),"Hathor, what titles and patronages did you hold across different lands, and how were your priests distinct?",6.552778,True,2026-03-20 20:26:07.479744,2026-03-20 20:26:14.032522,1.472893,2.887404,0.33559,1.844482,1755,1036,719,1231,4.845887,389.81133998596897
019d0ced-2035-7e43-8bab-407c06bebf2e,landmark,Tomb of Petosiris,What do the registers on the left side of your tomb depict?,4.742018,True,2026-03-20 20:26:00.112111,2026-03-20 20:26:04.854129,2.222481,0.705579,0.384647,1.402513,1421,873,548,1451,3.4627070000000004,390.72721607571555
019d0cec-fc36-79c3-be17-938eaa069b30,landmark,Temple of Maharraqa,"Temple of Maharraqa, when were you dismantled and later rebuilt, and where are you located now?",6.531488,True,2026-03-20 20:25:50.901215,2026-03-20 20:25:57.432703,2.459079,0.927861,0.652898,2.470928,1325,1020,305,1580,4.189838,123.43540564516653
019d0cec-e3f1-7d12-a6c1-463c3d0fb657,landmark,Colossoi of Memnon,"What earthquakes have damaged you, and who oversaw the Roman reconstruction of your northern figure?",3.616783,True,2026-03-20 20:25:44.687764,2026-03-20 20:25:48.304547,1.062306,0.855868,0.313595,1.362161,1526,999,527,977,2.381769,386.8852507155909
019d0cec-cd62-7ba0-a39c-c29428f012b3,landmark,Osireion,You have a water channel surrounding the island in your central hall; how deep is that channel?,3.111086,True,2026-03-20 20:25:38.913014,2026-03-20 20:25:42.024100,1.251534,0.678483,0.286514,0.880687,1104,796,308,1012,2.3665309999999997,349.7269745096726
019d0cec-b61a-7353-975a-877ba87c7aac,pharaoh,Thutmose IV,You were examined by researchers in 1980; what did they find about your physical resemblance to other peoples?,3.356334,True,2026-03-20 20:25:32.953276,2026-03-20 20:25:36.309610,1.207196,0.789396,0.311369,1.037441,1441,1065,376,1071,2.4579609999999996,362.43024904548787
019d0cec-9d9b-71b1-9913-689c121105c5,landmark,Temple of Luxor,What role do you play in the annual Opet Festival?,3.610346,True,2026-03-20 20:25:26.683130,2026-03-20 20:25:30.293476,1.287483,0.737882,0.430729,1.142267,1269,836,433,1011,2.6060939999999997,379.07074265473835
019d0cec-679e-7933-90f2-cafe20c7f968,landmark,Pompeys Pillar - Serapeum of Alexandria,Why do you bear the name Pompey's Pillar even though the dates don’t match?,11.103316,True,2026-03-20 20:25:12.861467,2026-03-20 20:25:23.964783,1.560564,6.001099,2.387389,1.137218,1367,942,425,1194,10.099052,373.7190230896802
019d0cec-4cad-7043-9937-0ca8978f3059,landmark,Temple of Kalabsha,"Temple of Kalabsha, when were you relocated and what prompted the move?",4.260937,True,2026-03-20 20:25:05.962277,2026-03-20 20:25:10.223214,1.297138,0.884245,0.338777,1.727323,1602,938,664,948,2.6701599999999996,384.40986428131856
019d0cec-310e-7a71-acb7-757d200ba8ed,landmark,Ramessum,"You, Ramessum, what statue stood in the first courtyard accessed through the first pylon, and what were its dimensions and origin?",4.451634,True,2026-03-20 20:24:58.892219,2026-03-20 20:25:03.343853,2.200351,0.65711,0.297413,1.278116,1227,769,458,1569,3.304874,358.3399315868043
019d0cec-19f1-7ee3-a5ed-14b495c0ddff,landmark,Sphinx of Memphis,"When were you carved and which dynasty does that correspond to, and which rulers might you represent?",3.31678,True,2026-03-20 20:24:52.968999,2026-03-20 20:24:56.285779,1.138162,0.861738,0.319609,0.977208,1221,868,353,893,2.4695089999999995,361.2332277263387
019d0cec-002a-7e60-9f10-f1707dfd4fbd,pharaoh,Horemheb,You were appointed rpat and idnw by Tutankhamun; how did you ultimately claim the throne after Ay’s reign?,3.697744,True,2026-03-20 20:24:46.376267,2026-03-20 20:24:50.074011,1.101077,0.858422,0.30249,1.421653,1523,996,527,1061,2.411989,370.69523997768795
019d0ceb-e729-7001-8944-aab51552f597,pharaoh,Akhenaton,Why did you imprison Abdiashirta for a year and then release him?,3.542848,True,2026-03-20 20:24:39.974355,2026-03-20 20:24:43.517203,1.103988,0.871662,0.408345,1.147534,1140,720,420,1008,2.533995,366.00222738498377
019d0ceb-abef-70a1-819f-148b91f77026,pharaoh,Hatshepsut,What goods did you bring back from the expedition to Punt?,12.200289,True,2026-03-20 20:24:24.808413,2026-03-20 20:24:37.008702,1.18199,4.493101,4.861421,1.64713,1418,785,633,1030,10.686512,384.3048211130876
019d0ceb-8e4c-7991-ac16-ec69372d07c8,pharaoh,Ptolemy I Soter,You presented yourself differently to foreign citizens and to the Egyptians; how did you represent yourself to each group?,4.484686,True,2026-03-20 20:24:17.226572,2026-03-20 20:24:21.711258,1.210464,1.240549,0.695784,1.311212,1500,1049,451,1071,3.2967969999999993,343.9565836798321
019d0ceb-67cc-7571-af6c-4fbbd10cf4f3,pharaoh,Ahmose I,You led several campaigns during your reign; can you list the major military actions you undertook against the Hyksos and their allies?,6.861338,True,2026-03-20 20:24:07.371020,2026-03-20 20:24:14.232358,1.447185,0.823903,3.034639,1.538119,1510,942,568,1269,5.4557269999999995,369.28222068643583
019d0ceb-4c37-7fc3-857c-d30fdf553b84,landmark,Temple of Khonsu in Karnak,"Temple of Khonsu, what conservation work was performed on you from 2006 to 2018?",4.2802,True,2026-03-20 20:24:00.308095,2026-03-20 20:24:04.588295,1.208559,0.774785,0.450685,1.819723,1702,986,716,1021,2.5840289999999997,393.4664781398048
019d0ceb-33a5-78f3-999e-0ac908146a32,landmark,Temple of Esna,"You, Temple of Esna, how many columns support your hypostyle hall and how are they arranged?",3.162599,True,2026-03-20 20:23:54.019889,2026-03-20 20:23:57.182488,1.132037,0.809388,0.290403,0.907094,1313,999,314,996,2.381828,346.16037588166165
019d0ceb-1967-7bc1-9d76-fe10a3eaa2ed,pharaoh,Khamerernebty II,"You, Khamerernebty II, what artifacts linked to you have been discovered and where are they now displayed?",3.695004,True,2026-03-20 20:23:47.303092,2026-03-20 20:23:50.998096,0.752522,0.773878,0.333526,1.821666,1801,1053,748,891,2.009926,410.61314203591655
019d0cea-fb6d-75c3-a3c0-b26183d22430,pharaoh,Mut (Goddess),"When did you become the wife of Amun and part of the Theban Triad, and how did you rise from a local deity to a national goddess?",4.56415,True,2026-03-20 20:23:39.625670,2026-03-20 20:23:44.189820,1.403849,0.724777,0.300982,2.112917,1957,1109,848,1261,2.5796079999999995,401.3408950753863
019d0cea-e18d-7d70-8ec1-12384354b667,landmark,Temple of Hathor in Philae,What are the main architectural components you possess?,3.789487,True,2026-03-20 20:23:33.004613,2026-03-20 20:23:36.794100,1.447523,0.799708,0.303943,1.213967,1335,876,459,1103,2.7011739999999995,378.0992399299157
019d0cea-a750-7332-93e7-fb5bb76dcccd,pharaoh,Seti I,You led campaigns into Palestine and Syria; what territories did you reclaim and what monuments did you commission to record these victories?,12.067766,True,2026-03-20 20:23:18.094264,2026-03-20 20:23:30.162030,0.991259,3.575487,5.434849,2.027116,1752,998,754,989,10.151595,371.9570069004438
019d0cea-8c0f-73d0-973d-2ec1b7776879,pharaoh,Senwosret III,You spoke of your final campaign in Year 19—what made it less successful and what actions did you take as a result?,4.166889,True,2026-03-20 20:23:11.119261,2026-03-20 20:23:15.286150,0.979503,1.304359,0.508335,1.3467,1490,955,535,994,2.9421969999999997,397.26739437142646
019d0cea-7015-7273-9313-7a9856cfca12,landmark,Temple of Wadi es-Sebua - Temple of Ramesses II,"When were you constructed, and who oversaw your building?",3.701663,True,2026-03-20 20:23:03.956906,2026-03-20 20:23:07.658569,1.161932,0.888414,0.449752,1.187194,1503,1058,445,1036,2.6500980000000003,374.8334307619479
019d0cea-4f16-7802-96f7-ed5e82d0b28b,pharaoh,Khufu,What was the original height of your Great Pyramid and how many chambers does it contain?,5.64124,True,2026-03-20 20:22:55.508668,2026-03-20 20:23:01.149908,1.140648,2.981779,0.43444,1.068498,1370,1028,342,1053,4.706867000000001,320.07547042671115
019d0cea-35c2-78a3-9b0d-26eceadc22f3,pharaoh,Thuya (mother of Queen Tiye),What artifacts and preservation details were found in your tomb KV46?,3.787467,True,2026-03-20 20:22:49.025786,2026-03-20 20:22:52.813253,0.812721,0.867304,0.298015,1.789327,1657,918,739,957,2.12804,413.0044424523858
019d0cea-1897-7fd3-a746-75b0f1073725,pharaoh,Sekhmet (Goddess),"You were adopted as a symbol of power by which pharaoh, and how were you depicted in the Battle of Kadesh?",4.787629,True,2026-03-20 20:22:41.554007,2026-03-20 20:22:46.341636,1.517265,1.816399,0.439565,0.998929,1343,986,357,1163,3.923229,357.3827569326749
019d0ce9-fe96-74c0-a199-63d41515a2de,landmark,Temple of Hibis,"You, Temple of Hibis, can you describe your main architectural elements and the deities to which you are dedicated?",3.985284,True,2026-03-20 20:22:34.901651,2026-03-20 20:22:38.886935,1.359978,0.757302,0.306177,1.536774,1458,840,618,1043,2.573457,402.1411085820036
019d0ce9-e69d-7240-b5c4-84fa3f0e72f3,landmark,Ptolemaic Temple of Hathor in Deir el Medina,"You were begun under which Ptolemaic ruler, and which subsequent rulers oversaw your continued construction?",3.401169,True,2026-03-20 20:22:28.762111,2026-03-20 20:22:32.163280,1.176389,0.706409,0.306187,1.195337,1419,969,450,1093,2.3389849999999996,376.46287197668937
019d0ce9-b336-7d82-913f-8cdbcf635db9,pharaoh,Psusennes I,You reigned for how many years and during which years?,10.396112,True,2026-03-20 20:22:15.604685,2026-03-20 20:22:26.000797,1.282205,7.87333,0.279543,0.949025,1234,901,333,1066,9.585078000000001,350.88643607913383
019d0ce9-92eb-7ad3-a902-bd08e8f4a824,landmark,Pyramid of Meidum,"What excavations have been conducted on you, and who were the archaeologists involved?",5.652425,True,2026-03-20 20:22:07.336717,2026-03-20 20:22:12.989142,0.958335,2.731941,0.434223,1.501193,1531,967,564,848,4.2744990000000005,375.7011923183761
019d0ce9-74aa-7411-977b-367f4cf2a386,pharaoh,Senwosret I,How did you respond to your father's assassination while you were campaigning in Libya?,5.063085,True,2026-03-20 20:21:59.594057,2026-03-20 20:22:04.657142,1.211802,0.961702,0.336887,2.521669,1607,1057,550,1076,2.6603909999999997,218.10951397665593
019d0ce9-5ac7-7fe1-8bd6-e848cfbbc371,pharaoh,Neferkare Shabaka,Who was your principal wife and what religious offices did she hold?,3.950686,True,2026-03-20 20:21:52.966225,2026-03-20 20:21:56.916911,1.367755,0.625494,0.649584,1.282487,1505,1053,452,1144,2.792833,352.440219666944
019d0ce9-42c1-7993-90c4-7c5901f962a2,landmark,Pyramid of Sahure,"Pyramid of Sahure, can you tell me the state of your interior chambers and describe the appearance of your burial chamber?",3.431293,True,2026-03-20 20:21:46.816665,2026-03-20 20:21:50.247958,1.050492,0.759116,0.289939,1.32115,1300,834,466,881,2.2495469999999997,352.72300647163456
019d0ce9-28f2-7271-8d23-004f17bb7024,landmark,Temple of Isis in Philae,How did you survive and get reconstructed during the 1960s UNESCO campaign?,3.935971,True,2026-03-20 20:21:40.202247,2026-03-20 20:21:44.138218,1.258017,0.656321,0.348929,1.641479,1627,1001,626,1038,2.413267,381.3633924040454
019d0ce9-10ef-71c3-986a-ab5b3625cc36,pharaoh,Yuya (father of Queen Tiye),"Yuya, where was your tomb discovered and who uncovered it?",3.383168,True,2026-03-20 20:21:34.063900,2026-03-20 20:21:37.447068,1.203406,0.830821,0.285524,1.046579,1261,882,379,1052,2.469751,362.1322422865355
019d0ce8-f4c1-7633-bdad-335ba5da40ba,landmark,Tomb of Horemheb in Saqqara,When were you rediscovered and what happened to you before that?,4.534292,True,2026-03-20 20:21:26.848625,2026-03-20 20:21:31.382917,1.911178,0.872151,0.431208,1.294264,1441,976,465,1375,3.364537,359.2775507933466
019d0ce8-d5f2-7e23-86ca-150b66757590,pharaoh,Serapis (God),Did you have a notable cult center at Delos?,5.186063,True,2026-03-20 20:21:18.961929,2026-03-20 20:21:24.147992,1.096551,2.795082,0.426522,0.856384,1079,785,294,1012,4.468155,343.303938420148
019d0ce8-bd9e-7910-bedd-0f8d032585ec,landmark,Pyramids of Giza,"You, the Great Pyramid, what material formed your original outer casing and where did it come from?",3.535465,True,2026-03-20 20:21:12.734523,2026-03-20 20:21:16.269988,1.454147,0.751334,0.320008,0.995775,1192,841,351,1070,2.675489,352.4892671537245
019d0ce8-a6e1-7340-a7c2-75fc9f664898,pharaoh,Osorkon II,What became of your burial place after your death?,3.179555,True,2026-03-20 20:21:06.912942,2026-03-20 20:21:10.092497,1.1288,0.626848,0.296118,1.110269,1206,835,371,1047,2.2017659999999997,334.1532547517764
019d0ce8-8b64-70b1-8fdf-6b845cb09319,landmark,Temple of Hathor in Dendera,"You, the Temple of Hathor in Dendera, when were you completed and under which ruler?",4.379773,True,2026-03-20 20:20:59.875992,2026-03-20 20:21:04.255765,1.478868,0.735113,0.75463,1.390048,1554,1056,498,1166,3.118611,358.26100969175167
019d0ce8-7344-7ce2-b4cf-93e5a9f5e183,pharaoh,Ptolemy III Euergetes,What fiscal reforms did you implement regarding the calendar and famine relief?,3.351669,True,2026-03-20 20:20:53.693895,2026-03-20 20:20:57.045564,1.053933,0.802545,0.407837,1.058997,1315,936,379,1029,2.4143149999999998,357.88581081910525
019d0ce8-58e1-7830-b4d6-b85d30eff840,pharaoh,Ramesess III,"Ramesess III, which construction projects and expeditions did you initiate during your reign?",4.068314,True,2026-03-20 20:20:46.937626,2026-03-20 20:20:51.005940,1.098678,0.792489,0.327169,1.825634,1729,977,752,1051,2.3683359999999998,411.91169752535285
019d0ce8-3d7c-7631-b835-e97c6289154c,landmark,Temple of Amada,"Temple of Amada, how many pillars lead into your chapels?",4.3238,True,2026-03-20 20:20:39.930343,2026-03-20 20:20:44.254143,2.184153,0.986798,0.32187,0.813038,1161,894,267,1431,3.6428209999999996,328.3979346598806
019d0ce8-1c1e-7f01-bf75-df5cb58db452,landmark,Temple of Horus at Edfu,"When did you begin construction and when were you completed, and which rulers oversaw these phases?",5.769436,True,2026-03-20 20:20:31.390101,2026-03-20 20:20:37.159537,1.303116,0.666783,2.396826,1.381064,1475,987,488,1062,4.516725,353.35074985663226
019d0ce7-eb9f-7551-a0fb-df3764318be3,landmark,Kiosk of Qertassi,"You were constructed in which era, and to which goddesses are you dedicated?",9.736737,True,2026-03-20 20:20:18.974543,2026-03-20 20:20:28.711280,1.262872,2.368345,5.054549,1.014535,1305,937,368,957,8.835766000000001,362.7277521228938
019d0ce7-cf92-7a42-bece-605ff781e86f,pharaoh,Amenemhat III,"Amenemhat III, how many acres of land did you reclaim for agriculture, and what monuments did you erect to commemorate this achievement?",4.533889,True,2026-03-20 20:20:11.792239,2026-03-20 20:20:16.326128,1.37539,1.016027,0.303677,1.814075,1727,1038,689,1158,2.8450939999999996,379.8078910739633
019d0ce7-a80d-79c2-be10-639bacdddd43,landmark,Temple of Seti I in Abydos,"What is your name, where are you located, and who originally built you?",7.40029,True,2026-03-20 20:20:01.669815,2026-03-20 20:20:09.070105,1.17696,4.637567,0.38782,1.179244,1274,865,409,980,6.352347,346.83237735362655
019d0ce7-7cb4-7e60-b7b8-5a537d8218a1,pharaoh,Teti,You promoted a cult at Dendera; which cult was it?,8.387445,True,2026-03-20 20:19:50.577654,2026-03-20 20:19:58.965099,1.182171,0.747771,5.556444,0.872273,1150,911,239,1048,7.636386,273.99678770293247
019d0ce7-5aad-7561-8629-5f8c1ccf4a29,pharaoh,"Mutnofret (Queen, Wife of Thutmose I and mother of Thutmose II)","What titles did you hold as queen, Mutnofret?",6.033721,True,2026-03-20 20:19:41.869348,2026-03-20 20:19:47.903069,1.334043,2.877806,0.480409,1.327515,1469,965,504,1218,4.842258,379.65672704263227
019d0ce7-3f7a-78b0-b07b-063feadbd164,pharaoh,Bat Goddess,"Bat Goddess, where is your cult centre located and why is it called the “Mansion of the Sistrum”?",4.252736,True,2026-03-20 20:19:34.906704,2026-03-20 20:19:39.159440,1.114346,1.803071,0.33521,0.987201,1146,827,319,1070,3.4026270000000003,323.135815300025
019d0ce7-1b95-7213-9482-f269d7caa637,pharaoh,Alexander The Great,You are said to have started the fire that destroyed the main palace and most of the city as revenge for the burning of the Acropolis in 480 BCE; is this true?,6.492018,True,2026-03-20 20:19:25.717316,2026-03-20 20:19:32.209334,1.432659,3.263181,0.440165,1.342375,1248,731,517,1188,5.286005,385.1382810317534
019d0ce7-0168-7f01-92ed-96e02b572b13,landmark,Tomb of Isadora,"What circumstances led to your untimely death, Tomb of Isadora?",3.956288,True,2026-03-20 20:19:19.016089,2026-03-20 20:19:22.972377,1.542906,0.841733,0.324826,1.225094,1246,773,473,1086,2.8594649999999997,386.092822265067
019d0ce6-c751-7770-9a41-8d188ed624e5,pharaoh,Ankhsenamun,"What evidence confirms that KV21a is your mummy, Ankhsenamun?",12.217469,True,2026-03-20 20:19:04.144010,2026-03-20 20:19:16.361479,1.341334,9.029429,0.301669,1.525746,1447,883,564,1171,10.822432000000001,369.65523750349007
019d0ce6-7eb7-7e72-9090-1276c57d7422,pharaoh,Amenhotep III,"In the eleventh year of your reign, what major project did you commission and how did you celebrate it?",15.850249,True,2026-03-20 20:18:45.559360,2026-03-20 20:19:01.409609,1.066166,7.190532,6.010208,1.5619,1453,870,583,1022,14.416906,373.26333311991806
019d0ce6-6529-7ad0-9ef1-70de45b8c987,landmark,Temple of Hatshepsut in Deir El Bahari,"How have your accomplishments been recognized in the past century, Temple of Hatshepsut in Deir El Bahari?",3.756383,True,2026-03-20 20:18:39.009624,2026-03-20 20:18:42.766007,1.070865,0.74015,0.341802,1.560375,1548,925,623,992,2.3028169999999997,399.2629976768405
019d0ce6-4377-7041-972b-c8cd46110bc4,landmark,Temple of Dakka,You were first built by which ruler and in partnership with which Egyptian pharaoh?,5.945817,True,2026-03-20 20:18:30.390690,2026-03-20 20:18:36.336507,1.504898,2.895784,0.365292,1.149046,1386,951,435,1085,4.915974,378.574922152812
019d0ce6-2822-7673-a088-a491f4a2f384,pharaoh,Thutmose III,You commissioned many temples and contributed to Karnak; how many temples did you commission and what was your role at the Temple of Amun?,4.178087,True,2026-03-20 20:18:23.391852,2026-03-20 20:18:27.569939,1.806487,0.726285,0.442343,1.189728,1400,955,445,1180,3.125115,374.03507356303294
019d0ce6-0a3d-70f1-a69e-71c92a892f91,pharaoh,Niuserre,"Can you tell me about your lineage, marriage, and the succession after your brother?",4.939522,True,2026-03-20 20:18:15.741064,2026-03-20 20:18:20.680586,1.193197,1.379377,0.294299,2.054353,1442,893,549,1029,3.0168730000000004,267.2374221956986
019d0ce5-ef63-77d0-b765-3f0e33da5361,pharaoh,Amenhotep II,"You, Amenhotep II, what spoils and accomplishments did you achieve during your campaign to the Euphrates River?",3.957785,True,2026-03-20 20:18:08.866796,2026-03-20 20:18:12.824581,1.075125,0.796297,0.400319,1.666768,1586,933,653,986,2.421741,391.7761800082555
019d0ce5-d467-7262-9fe7-fcaf6fe3f6ab,landmark,Temple of Nekhbet and Hathor at El Kab,What role do you play in El Kab’s archaeological landscape today?,4.21475,True,2026-03-20 20:18:01.957686,2026-03-20 20:18:06.172436,1.85337,0.868878,0.31412,1.159336,1251,818,433,1350,3.186368,373.4896526977511
019d0ce5-bc2a-7c10-b5df-e2fe639fb1b1,pharaoh,Mentuhotep II,"What items were placed in the pits at your foundation, and which of your officials were buried in the surrounding hills?",3.500867,True,2026-03-20 20:17:55.748639,2026-03-20 20:17:59.249506,1.029633,0.83917,0.426414,1.182356,1265,813,452,1060,2.445217,382.2875682112663
019d0ce5-9bc2-7d51-b370-ee089c8f7de9,pharaoh,Tutankhamun,How did you manage the vizierate and temple restoration during your reign?,5.65054,True,2026-03-20 20:17:47.458350,2026-03-20 20:17:53.108890,0.743093,2.263726,0.656404,1.963475,1845,1027,818,906,3.8132230000000003,416.6083092476349
019d0ce5-82aa-7882-b190-67ca5ff3a61c,pharaoh,"Arsinoe II (Queen, sister and wife of Ptolemy IV)",How did you manage to escape Ephesus after the Battle of Corupedium in 281 BCE?,3.775666,True,2026-03-20 20:17:41.034182,2026-03-20 20:17:44.809848,1.06515,0.906488,0.320477,1.45342,1520,973,547,1168,2.442115,376.35370367822105
019d0ce5-6a14-7711-977f-fffab1a3e7d6,pharaoh,Merenptah,You were part of a recent procession of royal mummies; can you describe when and where your remains were moved?,3.476156,True,2026-03-20 20:17:34.740566,2026-03-20 20:17:38.216722,1.347745,0.735722,0.331942,1.041528,1353,980,373,1128,2.565409,358.127673955957
019d0ce5-2efc-7ba3-bc18-f61661ea96d2,pharaoh,Ptah (God),"Ptah, how did you create the universe and what roles do you hold in Egyptian tradition?",12.058269,True,2026-03-20 20:17:19.609211,2026-03-20 20:17:31.667480,1.513164,1.00643,7.296846,2.205333,1927,1050,877,1216,9.96644,397.67236966027355
019d0ce5-154b-7b41-9339-9f8c20e99b00,pharaoh,Nectanebo I,Where were you likely buried?,3.702046,True,2026-03-20 20:17:13.032485,2026-03-20 20:17:16.734531,1.276562,1.050522,0.431745,0.913408,902,624,278,1029,2.908829,304.3546804932735
019d0ce4-f88d-7a82-82f3-41a6180cc775,landmark,Temple of Kom Ombo,"Temple of Kom Ombo, how were you used by the Copts in the past?",4.442554,True,2026-03-20 20:17:05.676781,2026-03-20 20:17:10.119335,1.943943,0.618731,0.540064,1.318521,1438,981,457,1282,3.252738,346.60047128562985
019d0ce4-dd57-7152-8970-27417cfd9ea0,pharaoh,Sobekhotep IV,"Did you rule over Memphis, Middle Egypt, and Thebes while the eastern Nile Delta was controlled by the Hyksos king Khyan?",4.35081,True,2026-03-20 20:16:58.710966,2026-03-20 20:17:03.061776,1.539214,0.755543,0.7098,1.318194,1477,989,488,1240,3.154557,370.2034753609863
019d0ce4-aec7-7340-b63d-b9846e8b7c07,pharaoh,Amenemhat I,What is your praenomen as preserved in the ancient king lists?,9.175235,True,2026-03-20 20:16:46.789645,2026-03-20 20:16:55.964880,1.267996,1.059331,5.803877,1.028514,1288,951,337,1081,8.281204,327.657183081611
019d0ce4-80b3-7450-8d68-cfbe567d1de9,pharaoh,Ra-Horakhty (God),What is your nature and how are you depicted as the god of the horizons?,9.144247,True,2026-03-20 20:16:34.995028,2026-03-20 20:16:44.139275,1.081531,1.470237,5.304755,1.264716,962,475,487,1130,8.006523,385.0666869083652
019d0ce4-6150-7511-be31-cddea482716b,landmark,Pyramid of Seila,"Pyramid of Seila, where are you located?",5.322304,True,2026-03-20 20:16:26.955692,2026-03-20 20:16:32.277996,2.334591,1.291656,0.356602,1.322142,1463,949,514,1560,4.132849,388.7630829366286
019d0ce4-484b-7331-b853-8c5b2551f065,landmark,Pyramid of Senefru - Bent Pyramid of Senefru,"What caused the change in your slope, and what followed your construction?",3.619485,True,2026-03-20 20:16:20.549937,2026-03-20 20:16:24.169422,1.020196,0.825259,0.289217,1.457536,1581,1008,573,950,2.284672,393.1292263107052
019d0ce4-2f9f-75f0-a175-f29644e38693,pharaoh,Khafre,"Khafre, what do the 23 depressions in your valley temple's floor represent?",3.549965,True,2026-03-20 20:16:14.239366,2026-03-20 20:16:17.789331,1.321126,0.754475,0.334917,1.121074,1300,922,378,1189,2.5605179999999996,337.17667165592997
019d0ce4-161e-7c93-8d25-8cb895db0b97,landmark,Small Temple of Hathor and Nefertari at Abu Simbel,What scenes and deities are depicted on your pillars and vestibule walls?,3.839024,True,2026-03-20 20:16:07.706625,2026-03-20 20:16:11.545649,1.183589,0.688387,0.295918,1.663216,1639,1006,633,1027,2.317894,380.58796933170436
019d0ce3-fd19-7921-980b-2a6a39f8399d,pharaoh,Horus (God),"Horus, which cult centers were dedicated to you?",3.650651,True,2026-03-20 20:16:01.302453,2026-03-20 20:16:04.953104,1.061628,1.217515,0.350005,1.009679,1423,1069,354,990,2.7791479999999997,350.6064798812296
019d0ce3-dbbe-7c12-b59f-3279b2c7c613,pharaoh,Sneferu,Did you change the orientation of your pyramid’s main axis compared to earlier pyramids?,5.631747,True,2026-03-20 20:15:52.765148,2026-03-20 20:15:58.396895,0.882544,3.365482,0.326351,1.035741,1225,889,336,946,4.7243770000000005,324.4054256807445
019d0ce3-c12f-74c3-9eb6-269ede1cd294,pharaoh,Menkuare,You mentioned your sarcophagus was shipped to the British Museum; what happened to the vessel that carried it?,4.117697,True,2026-03-20 20:15:45.967589,2026-03-20 20:15:50.085286,1.510719,1.239273,0.423053,0.927423,1052,728,324,1234,3.3230449999999996,349.3551486215028
019d0ce3-a74e-7b01-8401-0525c589fcbd,pharaoh,Amenirdis (Daughter of Kashta),"Amenirdis, what rituals are depicted on the walls of your funerary chapel at Medinet Habu that were performed for your adoptive mother?",3.586144,True,2026-03-20 20:15:39.342517,2026-03-20 20:15:42.928661,1.279959,0.740384,0.328851,1.223632,1418,967,451,1228,2.4991939999999997,368.57486564588044
019d0ce3-8b5f-7401-ad67-78b189c42a0e,landmark,Kiosk of Trajan in Philae,What are your dimensions and how are your columns arranged?,4.460658,True,2026-03-20 20:15:32.190803,2026-03-20 20:15:36.651461,1.052529,1.249447,0.700699,1.441073,1380,935,445,927,3.152675,308.79768061715123
019d0ce3-6ca6-76e0-af08-9a81d663fee5,landmark,Temple of Merit Amun,You stand in Sohag Governorate; can you tell me when and where your statue was discovered?,5.180875,True,2026-03-20 20:15:24.326179,2026-03-20 20:15:29.507054,2.957482,0.769476,0.287785,1.147611,1207,818,389,1586,4.1647430000000005,338.96503257636954
019d0ce3-5163-7c83-b388-794a899b32ed,pharaoh,Khasekhem,"You are located near which structure, and what significance does your mound hold in the evolution of Egyptian pyramids?",4.187423,True,2026-03-20 20:15:17.347443,2026-03-20 20:15:21.534866,1.165838,0.920578,0.417732,1.656918,1569,934,635,1008,2.6541479999999997,383.2416571007135
019d0ce3-3732-7cf0-83c5-f590a8076bb3,landmark,Pyramid of Hawara - White pyramid of Amnemhat III,What are the main features of your interior layout and what was discovered inside you by nineteenth‑century archaeologists?,3.905151,True,2026-03-20 20:15:10.641710,2026-03-20 20:15:14.546861,1.15234,0.84952,0.383456,1.509089,1490,889,601,949,2.5353159999999995,398.25351586288156
019d0ce3-1c0c-7de3-9826-ebeddd77cc48,pharaoh,Smenkhkare,What does the analysis of KV55 tell you about your relationship to Tutankhamun and your age at death?,4.171046,True,2026-03-20 20:15:03.692250,2026-03-20 20:15:07.863296,0.971355,0.764893,0.429555,1.989375,1790,996,794,1023,2.315803,399.12032673578386
019d0ce3-01ef-7932-a877-2293607063c4,pharaoh,Osiris (God),How did you become the ruler of the underworld?,3.958538,True,2026-03-20 20:14:57.004980,2026-03-20 20:15:00.963518,1.239264,1.009812,0.371981,1.300398,1417,950,467,1092,2.7710569999999994,359.1208230095709
019d0ce2-e8b3-7fe2-83fb-dbb4898571f4,pharaoh,Hauron God,"Hauron, when did your name first appear in Egyptian records?",3.696946,True,2026-03-20 20:14:50.547550,2026-03-20 20:14:54.244496,1.203758,1.006916,0.42289,1.046848,1152,768,384,1064,2.7835639999999997,366.8154307024515
019d0ce2-d0e7-7d90-b2f7-4d6cd8b0224e,pharaoh,Sobekemsaf I,You commissioned construction projects in several religious centers; which sites did you restore?,3.406833,True,2026-03-20 20:14:44.452330,2026-03-20 20:14:47.859163,1.415303,0.667329,0.27129,1.034841,1190,853,337,1153,2.5039219999999998,325.65389272361654
019d0ce2-b728-7f42-8186-18dcb8a3aa72,pharaoh,Userkaf,"Userkaf, what restoration work was ordered on your pyramid during Ramesses II’s reign?",3.797327,True,2026-03-20 20:14:37.861324,2026-03-20 20:14:41.658651,1.050504,1.102781,0.462003,1.166874,1465,1034,431,1041,2.7652880000000004,369.3629303592333
019d0ce2-9008-7f11-8425-f6fd86159c45,pharaoh,"Arsinoe III (Queen, daughter of Ptolemy I and wife of Ptolemy II)",When were you born and when did you die?,7.296661,True,2026-03-20 20:14:27.848461,2026-03-20 20:14:35.145122,1.326964,0.839059,3.881531,1.232352,1452,1024,428,1321,6.197554,347.3033678689206
019d0ce2-42e3-7a33-b8f5-ca230023fdd0,pharaoh,Ptolemy II Philadelphus,"Ptolemy, how did you secure your position and what became of Demetrius of Phalerum?",16.988232,True,2026-03-20 20:14:08.099352,2026-03-20 20:14:25.087584,2.344894,10.368883,2.613535,1.633332,1522,951,571,1733,15.477312000000001,349.59212211601806
019d0ce2-216c-7903-a9e4-d2d5ff600b09,landmark,Temple of Isis in Deir Shelwit,"Temple of Isis, can you tell me what the excavations by Waseda University revealed about your water well?",5.709526,True,2026-03-20 20:13:59.532164,2026-03-20 20:14:05.241690,1.468161,2.67345,0.401146,1.157485,1237,805,432,1178,4.692757,373.222979131479
019d0ce2-03ae-7511-9538-e4b3a3f29b8c,landmark,Al Qurn,"Al Qurn, what is your height and where are you located?",4.783356,True,2026-03-20 20:13:51.914128,2026-03-20 20:13:56.697484,1.322461,1.985215,0.27927,1.174456,1352,932,420,1013,3.7369459999999997,357.61237543168926
019d0ce1-df37-7631-ac2c-0c36cdcb1717,pharaoh,Hor I,What do you recall about the discovery of your tomb?,6.533804,True,2026-03-20 20:13:42.583655,2026-03-20 20:13:49.117459,1.130178,1.092326,0.324383,3.970748,1565,948,617,977,2.696887,155.38634030666262
019d0ce1-c571-75b0-a742-ed7ef0300fb9,pharaoh,Sobekhotep V,"Sobekhotep V, what was the length of your reign and how do scholars position you in the thirteenth Dynasty’s royal sequence?",3.839555,True,2026-03-20 20:13:35.980570,2026-03-20 20:13:39.820125,1.06312,0.650344,0.367653,1.727415,1609,980,629,1058,2.231117,364.12790209648523
019d0ce1-aafc-76a0-9f23-a67923fa777c,landmark,The Great Temple of Ramesses II at Abu Simbel,How were you saved from the waters of Lake Nasser when the Aswan High Dam threatened to submerge you?,3.767324,True,2026-03-20 20:13:29.208720,2026-03-20 20:13:32.976044,1.244207,0.775435,0.322198,1.406942,1414,940,474,1026,2.4918400000000003,336.90088148623045
019d0ce1-92d8-7612-b6fb-b61f0a229e2d,pharaoh,Anath Goddess,You were prominent at which ancient city where literary works frequently mention you?,3.218408,True,2026-03-20 20:13:23.031727,2026-03-20 20:13:26.250135,1.041442,0.882669,0.288489,0.983033,1228,924,304,963,2.3626,309.24699374283466
019d0ce1-77bc-76c0-98b6-b36795911b30,pharaoh,Achoris,You faced a significant internal rebellion in your eighth regnal year; who suppressed it and what were the key international dynamics during your reign?,4.246179,True,2026-03-20 20:13:16.092002,2026-03-20 20:13:20.338181,1.316521,1.130284,0.381513,1.394429,1284,846,438,1125,2.9783180000000002,314.10706461211004
019d0ce1-5cad-77f1-9b7a-68710fb0588f,landmark,Pyramid of Userkaf,"You have an entrance on which side, and how long is the descending passage?",4.136539,True,2026-03-20 20:13:09.162281,2026-03-20 20:13:13.298820,1.635167,0.72897,0.721658,1.012795,1312,1032,280,1190,3.235795,276.46266026194843
019d0ce1-422b-7263-9191-dd4012ef8b45,landmark,Pyramid of Unas,"What restoration work was performed on you during the New Kingdom, and who recorded it?",3.863981,True,2026-03-20 20:13:02.379153,2026-03-20 20:13:06.243134,1.223871,0.853617,0.376443,1.38823,1448,970,478,955,2.6039309999999998,344.3233469958148
019d0ce1-261a-7670-800c-335816dbfd5c,landmark,The Roman Mammisi in Dendera,You display decorative elements that symbolize fertility and protection; what are these elements?,4.358013,True,2026-03-20 20:12:55.190951,2026-03-20 20:12:59.548964,1.11682,1.849471,0.293052,1.079115,1133,779,354,971,3.409343,328.0465937365341
019d0ce1-0e12-7592-9257-df7782d2b0db,pharaoh,Shepsekaf,You recorded a decree in your second year of rule; what does this decree concern?,3.367157,True,2026-03-20 20:12:49.036045,2026-03-20 20:12:52.403202,0.92459,1.01081,0.303472,1.107173,1403,1033,370,953,2.388872,334.1844499459434
019d0ce0-ef8f-7f20-9b38-2772a236071b,landmark,Temple of Habu,"Temple of Habu, how many columns did the first hypostyle hall originally contain, and how were they arranged?",4.873661,True,2026-03-20 20:12:41.228145,2026-03-20 20:12:46.101806,1.353557,2.205293,0.406676,0.874226,1212,949,263,1083,4.115526,300.8375408647192
019d0ce0-d70a-7fa2-ac60-195d80aa6b20,pharaoh,Amun-Ra (God),"Amun-Ra, after Thebes rose to the capital in the Middle Kingdom, how did you become the king of the gods?",3.421512,True,2026-03-20 20:12:34.953007,2026-03-20 20:12:38.374519,1.057372,0.796505,0.27762,1.270639,981,512,469,1035,2.281497,369.1056232336643
019d0ce0-bf7b-7321-9bf0-3fb16806659a,pharaoh,Nefertiti,"At what age did you marry Amenhotep IV, and how many daughters did you bear?",3.423918,True,2026-03-20 20:12:28.922729,2026-03-20 20:12:32.346647,1.142242,0.911726,0.366167,0.984134,1404,1062,342,1058,2.570135,347.5136515962257
019d0ce0-a54d-7b03-b7cc-d671f7273509,pharaoh,Amun (God),"Amun, how did you become Amun‑Ra?",3.930331,True,2026-03-20 20:12:22.218240,2026-03-20 20:12:26.148571,0.906441,0.762733,0.329568,1.924119,1732,1049,683,973,2.148742,354.9676501297477
019d0ce0-8802-7e41-9414-9a1a9ed8c1ce,pharaoh,Cleopatra VII Philopator,"Cleopatra, how did you respond to your father's death and your accession to the throne?",4.815994,True,2026-03-20 20:12:14.714315,2026-03-20 20:12:19.530309,1.239583,0.934264,0.41854,2.197821,1433,815,618,1097,2.7423870000000004,281.1875944401296
019d0ce0-6d86-7441-86f4-fc83a086718c,pharaoh,Seth (God),"Seth, what realms and phenomena are you associated with?",4.088973,True,2026-03-20 20:12:07.941275,2026-03-20 20:12:12.030248,1.368801,1.119124,0.302147,1.28735,1340,923,417,1140,2.940072,323.92123354177187
019d0ce0-517d-7c33-93a3-398067f606d2,pharaoh,Nectanebo II,"Nectanebo II, how did you come to power after Teos’s offensive against the Persians?",4.371022,True,2026-03-20 20:12:00.764291,2026-03-20 20:12:05.135313,1.841781,0.717808,0.282163,1.501936,1343,867,476,1447,2.991752,316.92428971673894
019d0ce0-37ec-70b1-9bf6-4926cd1f6b0d,landmark,Black Pyramid of Amenemhat III,"You, Black Pyramid of Amenemhat III, what materials form your core and outer casing, and how many entrances do you possess?",3.818028,True,2026-03-20 20:11:54.220705,2026-03-20 20:11:58.038733,1.147527,1.577915,0.305106,0.755898,1206,982,224,982,3.180548,296.33627817509773
019d0ce0-18d7-72c1-aa93-6c9f8401c624,pharaoh,"Meresankh (Queen, wife of Khafre)","Which children did you bear with Khafre, and who among them held important positions?",4.51464,True,2026-03-20 20:11:46.262933,2026-03-20 20:11:50.777573,1.02206,0.9362,0.323444,1.973017,1829,1052,777,1071,2.431704,393.81312984125327
019d0cdf-f671-7d31-ad72-7a5afd23244a,landmark,Speos of Horemheb,What additions did the later pharaohs make to your decorative program?,4.398101,True,2026-03-20 20:11:37.457769,2026-03-20 20:11:41.855870,1.299966,1.051344,0.388738,1.624635,1500,853,647,1048,2.8900479999999997,398.2432977253352
019d0cdf-d3a6-79d3-8d13-c11b2b69e1a9,landmark,Qasr Qarun,"You are located near which lake, and how far are you from the city of Faiyum?",4.954326,True,2026-03-20 20:11:28.549924,2026-03-20 20:11:33.504250,1.994407,1.553589,0.393798,0.986943,1179,862,317,1376,4.091794,321.1938278097114
019d0cdf-b15d-7930-a151-fe00449d0ff3,pharaoh,Amasis II,"Where were you buried, and what happened to your statues after the Persian conquest?",4.748573,True,2026-03-20 20:11:19.772680,2026-03-20 20:11:24.521253,0.871735,2.391705,0.296816,1.16525,1203,788,415,957,3.710256,356.1467496245441
019d0cdf-83f0-7b02-b78a-ebbfc54f58c3,pharaoh,Pepi I,You built pyramids at several locations; can you list the sites where you constructed pyramids?,7.538568,True,2026-03-20 20:11:08.143569,2026-03-20 20:11:15.682137,1.080292,5.04655,0.310267,1.083275,1319,939,380,1020,6.587109,350.78811936027324
019d0cdf-4cd7-73f2-8864-ab9590f93d74,pharaoh,Isis (mother of Thutmose III),What was your position in Pharaoh Thutmose II’s household and how were you related to Thutmose III?,10.104093,True,2026-03-20 20:10:54.035609,2026-03-20 20:11:04.139702,1.180608,7.017302,0.368454,1.505426,1396,935,461,1096,8.716364,306.22561321512984
019d0cdf-27f8-7af2-ab46-b13fd7df7fd3,pharaoh,"Nofret (Queen, possibly Nofret II, wife of Senusret II)","What titles did you hold as queen, and who were your parents and husband?",5.410839,True,2026-03-20 20:10:44.600643,2026-03-20 20:10:50.011482,2.249526,1.321972,0.295698,1.521584,1482,909,573,1802,4.017196,376.5812469111137
019d0cdf-083b-7e00-92c1-d5a894cb4735,pharaoh,Isis (Goddess),What actions did the Roman Senate and later rulers take regarding your shrines in Rome?,4.114819,True,2026-03-20 20:10:36.475694,2026-03-20 20:10:40.590513,1.129995,1.271763,0.406762,1.279158,1444,973,471,1102,2.95852,368.210963774608
019d0cde-e968-75a1-a41f-beee4a8a30fe,pharaoh,Seti II,"Where were you originally buried, Seti II?",3.813195,True,2026-03-20 20:10:28.584347,2026-03-20 20:10:32.397542,1.189149,1.096306,0.47796,1.026231,1274,938,336,1017,2.9134149999999996,327.411664625216
019d0cde-bf77-7d73-ad20-fb257f5a6977,landmark,The Small Aten Temple,What are the features of your Second Court and its entrances?,6.629188,True,2026-03-20 20:10:17.846587,2026-03-20 20:10:24.475775,0.904049,3.051297,0.661639,1.976706,1754,979,775,854,4.766985,392.066397329699
019d0cde-a176-7281-ae1d-b81adab35469,pharaoh,Ramesses II,"What major building projects did you commission, and what alliances did you form in your twenty‑first regnal year?",4.526292,True,2026-03-20 20:10:10.166708,2026-03-20 20:10:14.693000,1.308237,1.068558,0.374801,1.756626,1523,843,680,1117,2.901596,387.10573565460146
019d0cde-80c0-7631-b1d0-ac4fffa71e20,landmark,Temple of Karnak,What are the dimensions of your First Pylon and the court it leads to?,4.138606,True,2026-03-20 20:10:01.792129,2026-03-20 20:10:05.930735,1.463962,0.861782,0.348721,1.447731,1460,1062,398,1108,2.824465,274.91294998863737
019d0cde-610e-7680-85f7-44f8d5ae8b2a,pharaoh,"Tiye (Queen, wife of Amenhotep III)","Queen Tiye, can you tell me where you were buried and where your mummy is now displayed?",4.023893,True,2026-03-20 20:09:53.677839,2026-03-20 20:09:57.701732,1.652312,0.706199,0.283308,1.363622,1428,954,474,1374,2.791819,347.6036614252337
019d0cde-4646-7a22-a964-8e074b2a116a,pharaoh,Khonsu (God),You are called Khons Neferhotep at Karnak; what title does that name give you?,4.12153,True,2026-03-20 20:09:46.822386,2026-03-20 20:09:50.943916,1.229792,1.426835,0.423097,1.012593,1161,842,319,1121,3.229724,315.0327920497179
019d0cde-2612-77a0-86c8-bbbc003a8e6e,pharaoh,Djoser,What does the stele reveal about your fame and how later kings viewed you?,5.386303,True,2026-03-20 20:09:38.576779,2026-03-20 20:09:43.963082,1.35306,2.08656,0.576293,1.346136,1413,886,527,1112,4.165913,391.49090433656033
019d0cde-0d06-7ee3-8886-98b9c87b7a2c,landmark,Famine Stela,"You, the Famine Stela, when were you inscribed and under which king’s reign?",3.525596,True,2026-03-20 20:09:32.164540,2026-03-20 20:09:35.690136,1.170383,0.908705,0.30606,1.113426,1298,944,354,945,2.535148,317.93760878585556
019d0cdd-e948-79b2-933b-e6792604cc6b,pharaoh,Raneferef,"What did you plan for your pyramid complex, and how was it finished after your death?",6.210196,True,2026-03-20 20:09:23.016623,2026-03-20 20:09:29.226819,0.941625,1.792923,1.459277,1.854508,1587,985,602,923,4.343825000000001,324.61439907511857
